"ID_Venda,""Data_Venda"",""ID_Cliente"",""ID_Produto"",""Quantidade"",""Valor_Unitario"",""Desconto_Percentual"",""Valor_Total"",""Status_Pedido"",""Região"""
"001,""2024-12-02"",""C099"",""P024"",""26"",""2338.8"",""0.01"",""60200.71"",""Concluído"",""Sul"""
"002,""2024-08-12"",""C091"",""P004"",""30"",""2415.84"",""0.25"",""54356.4"",""Concluído"",""Sul"""
"003,""2024-12-17"",""C090"",""P028"",""17"",""4206.13"",""0.02"",""70074.13"",""Concluído"",""Sudeste"""
"004,""2024-11-23"",""C078"",""P015"",""20"",""1113.98"",""0.2"",""17823.68"",""Concluído"",""Sudeste"""
"005,""2024-05-26"",""C017"",""P001"",""16"",""1911.15"",""0.07"",""28437.91"",""Concluído"",""Sudeste"""
"006,""2024-03-03"",""C018"",""P003"",""46"",""4043.94"",""0.03"",""180440.6"",""Concluído"",""Sudeste"""
"007,""2024-10-20"",""C045"",""P014"",""43"",""4119.88"",""0.11"",""157667.81"",""Concluído"",""Sul"""
"008,""2024-11-18"",""C093"",""P038"",""7"",""1929.21"",""0.16"",""11343.75"",""Concluído"",""Sudeste"""
"009,""2024-11-20"",""C084"",""P050"",""16"",""2301.03"",""0.1"",""33134.83"",""Concluído"",""Centro-Oeste"""
"010,""2024-01-13"",""C053"",""P001"",""45"",""1523.4"",""0.01"",""67867.47"",""Concluído"",""Centro-Oeste"""
"011,""2024-07-07"",""C091"",""P038"",""47"",""4663.45"",""0.15"",""186304.83"",""Concluído"",""Sudeste"""
"012,""2024-10-13"",""C082"",""P038"",""48"",""602.03"",""0.23"",""22251.03"",""Concluído"",""Sudeste"""
"013,""2024-07-26"",""C068"",""P021"",""27"",""4669.41"",""0.1"",""113466.66"",""Concluído"",""Centro-Oeste"""
"014,""2024-04-23"",""C065"",""P048"",""23"",""3422.49"",""0.05"",""74781.41"",""Concluído"",""Sul"""
"015,""2024-01-22"",""C001"",""P029"",""24"",""2662.55"",""0.11"",""56872.07"",""Cancelado"",""Norte"""
"016,""2024-12-14"",""C058"",""P005"",""9"",""172.97"",""0.01"",""1541.16"",""Cancelado"",""Centro-Oeste"""
"017,""2024-08-01"",""C026"",""P049"",""35"",""2383.22"",""0.21"",""65896.03"",""Concluído"",""Sul"""
"018,""2024-06-19"",""C020"",""P010"",""20"",""2044.66"",""0.21"",""32305.63"",""Concluído"",""Sul"""
"019,""2024-11-18"",""C087"",""P028"",""37"",""814.48"",""0.15"",""25615.4"",""Concluído"",""Centro-Oeste"""
"020,""2024-02-23"",""C010"",""P021"",""42"",""3285.48"",""0.09"",""125571.05"",""Concluído"",""Sudeste"""
"021,""2024-10-24"",""C059"",""P050"",""17"",""4856.04"",""0.2"",""66042.14"",""Pendente"",""Sul"""
"022,""2024-11-15"",""C075"",""P007"",""47"",""2815.32"",""0.14"",""113795.23"",""Concluído"",""Sudeste"""
"023,""2024-05-05"",""C041"",""P003"",""31"",""3576.62"",""0.21"",""87591.42"",""Concluído"",""Sudeste"""
"024,""2024-10-03"",""C005"",""P045"",""8"",""351.57"",""0.16"",""2362.55"",""Concluído"",""Nordeste"""
"025,""2024-07-22"",""C065"",""P047"",""15"",""2094.16"",""0.2"",""25129.92"",""Cancelado"",""Nordeste"""
"026,""2024-07-12"",""C017"",""P020"",""31"",""590.63"",""0.15"",""15563.1"",""Concluído"",""Centro-Oeste"""
"027,""2024-06-17"",""C022"",""P019"",""30"",""3067.85"",""0.1"",""82831.95"",""Concluído"",""Sudeste"""
"028,""2024-05-31"",""C098"",""P035"",""46"",""4693.03"",""0.24"",""164068.33"",""Concluído"",""Sudeste"""
"029,""2024-02-04"",""C041"",""P004"",""20"",""3312.27"",""0.14"",""56971.04"",""Concluído"",""Sudeste"""
"030,""2024-07-02"",""C093"",""P005"",""39"",""393.25"",""0.15"",""13036.24"",""Concluído"",""Sudeste"""
"031,""2024-10-12"",""C068"",""P001"",""12"",""1779.78"",""0.06"",""20075.92"",""Concluído"",""Sul"""
"032,""2024-02-26"",""C069"",""P004"",""49"",""2757.81"",""0.16"",""113511.46"",""Pendente"",""Centro-Oeste"""
"033,""2024-08-09"",""C011"",""P012"",""17"",""2022.01"",""0.14"",""29561.79"",""Pendente"",""Norte"""
"034,""2024-10-29"",""C056"",""P027"",""42"",""4169.88"",""0.05"",""166378.21"",""Pendente"",""Sudeste"""
"035,""2024-06-11"",""C051"",""P042"",""30"",""4075.21"",""0.01"",""121033.74"",""Concluído"",""Nordeste"""
"036,""2024-01-19"",""C021"",""P023"",""29"",""3063.04"",""0.15"",""75503.94"",""Concluído"",""Sudeste"""
"037,""2024-09-20"",""C099"",""P025"",""19"",""1873.56"",""0.19"",""28834.09"",""Concluído"",""Sudeste"""
"038,""2024-10-08"",""C076"",""P021"",""46"",""1284.13"",""0.13"",""51390.88"",""Concluído"",""Nordeste"""
"039,""2024-04-22"",""C026"",""P024"",""11"",""538.31"",""0.06"",""5566.13"",""Concluído"",""Sudeste"""
"040,""2024-11-22"",""C019"",""P025"",""34"",""1780.94"",""0.17"",""50258.13"",""Concluído"",""Centro-Oeste"""
"041,""2024-01-30"",""C060"",""P045"",""50"",""2071.73"",""0.02"",""101514.77"",""Concluído"",""Nordeste"""
"042,""2024-05-14"",""C071"",""P046"",""7"",""3382.36"",""0.11"",""21072.1"",""Concluído"",""Sudeste"""
"043,""2024-03-07"",""C047"",""P032"",""44"",""3294.22"",""0.04"",""139147.85"",""Concluído"",""Nordeste"""
"044,""2024-03-05"",""C071"",""P032"",""34"",""359.84"",""0.05"",""11622.83"",""Concluído"",""Sul"""
"045,""2024-10-18"",""C026"",""P005"",""20"",""1982.34"",""0.05"",""37664.46"",""Concluído"",""Sudeste"""
"046,""2024-01-25"",""C040"",""P036"",""50"",""917.08"",""0.1"",""41268.6"",""Concluído"",""Sudeste"""
"047,""2024-02-06"",""C005"",""P046"",""38"",""792.5"",""0.01"",""29813.85"",""Concluído"",""Sudeste"""
"048,""2024-01-01"",""C021"",""P042"",""24"",""4138.24"",""0.1"",""89385.98"",""Concluído"",""Nordeste"""
"049,""2024-02-06"",""C078"",""P049"",""10"",""219.16"",""0.13"",""1906.69"",""Concluído"",""Sudeste"""
"050,""2024-05-20"",""C004"",""P042"",""32"",""2101.72"",""0.12"",""59184.44"",""Concluído"",""Nordeste"""
"051,""2024-08-19"",""C023"",""P039"",""15"",""849.34"",""0.1"",""11466.09"",""Concluído"",""Sudeste"""
"052,""2024-05-15"",""C084"",""P016"",""37"",""4397.86"",""0.21"",""128549.45"",""Concluído"",""Sudeste"""
"053,""2024-07-06"",""C015"",""P033"",""20"",""2789.63"",""0.04"",""53560.9"",""Concluído"",""Norte"""
"054,""2024-05-07"",""C093"",""P049"",""3"",""1164.59"",""0.13"",""3039.58"",""Concluído"",""Sudeste"""
"055,""2024-07-19"",""C008"",""P021"",""37"",""2517.11"",""0.02"",""91270.41"",""Concluído"",""Sudeste"""
"056,""2024-05-06"",""C041"",""P009"",""40"",""3660.12"",""0.02"",""143476.7"",""Concluído"",""Sudeste"""
"057,""2024-09-13"",""C019"",""P006"",""8"",""4791.01"",""0.14"",""32962.15"",""Concluído"",""Sudeste"""
"058,""2024-06-12"",""C046"",""P045"",""40"",""1110.03"",""0.14"",""38185.03"",""Concluído"",""Sul"""
"059,""2024-02-04"",""C028"",""P035"",""44"",""4432.05"",""0.22"",""152107.96"",""Concluído"",""Nordeste"""
"060,""2024-07-12"",""C091"",""P039"",""23"",""4672.18"",""0.14"",""92415.72"",""Pendente"",""Sudeste"""
"061,""2024-07-09"",""C068"",""P022"",""40"",""4582.94"",""0.24"",""139321.38"",""Concluído"",""Sudeste"""
"062,""2024-04-13"",""C015"",""P041"",""11"",""3180.72"",""0.01"",""34638.04"",""Concluído"",""Centro-Oeste"""
"063,""2024-01-23"",""C099"",""P005"",""46"",""3152.81"",""0.02"",""142128.67"",""Concluído"",""Sudeste"""
"064,""2024-09-21"",""C037"",""P042"",""8"",""2022.02"",""0.01"",""16014.4"",""Concluído"",""Norte"""
"065,""2024-10-16"",""C001"",""P023"",""29"",""3764.47"",""0.05"",""103711.15"",""Concluído"",""Sul"""
"066,""2024-09-16"",""C067"",""P017"",""30"",""2661.16"",""0.14"",""68657.93"",""Concluído"",""Sudeste"""
"067,""2024-12-23"",""C024"",""P012"",""10"",""3390.42"",""0.16"",""28479.53"",""Concluído"",""Norte"""
"068,""2024-03-15"",""C027"",""P023"",""39"",""2148.0"",""0.01"",""82934.28"",""Concluído"",""Sudeste"""
"069,""2024-12-20"",""C040"",""P016"",""28"",""3660.17"",""0.24"",""77888.42"",""Concluído"",""Nordeste"""
"070,""2024-03-12"",""C063"",""P003"",""49"",""4124.11"",""0.21"",""159644.3"",""Concluído"",""Sudeste"""
"071,""2024-09-15"",""C061"",""P030"",""36"",""740.72"",""0.07"",""24799.31"",""Concluído"",""Sul"""
"072,""2024-07-06"",""C036"",""P022"",""13"",""4166.32"",""0.02"",""53078.92"",""Concluído"",""Sudeste"""
"073,""2024-06-21"",""C098"",""P009"",""32"",""2706.08"",""0.04"",""83130.78"",""Concluído"",""Sudeste"""
"074,""2024-10-16"",""C093"",""P029"",""36"",""4224.88"",""0.03"",""147532.81"",""Pendente"",""Norte"""
"075,""2024-02-14"",""C024"",""P047"",""37"",""2162.2"",""0.03"",""77601.36"",""Concluído"",""Sudeste"""
"076,""2024-03-01"",""C024"",""P037"",""26"",""1901.41"",""0.13"",""43009.89"",""Concluído"",""Centro-Oeste"""
"077,""2024-03-23"",""C004"",""P023"",""22"",""4576.15"",""0.06"",""94634.78"",""Concluído"",""Centro-Oeste"""
"078,""2024-05-02"",""C067"",""P013"",""4"",""1263.33"",""0.09"",""4598.52"",""Concluído"",""Sudeste"""
"079,""2024-12-23"",""C034"",""P032"",""31"",""4222.62"",""0.25"",""98175.92"",""Pendente"",""Sudeste"""
"080,""2024-01-16"",""C057"",""P046"",""18"",""2425.26"",""0.17"",""36233.38"",""Concluído"",""Norte"""
"081,""2024-03-06"",""C049"",""P047"",""38"",""2575.34"",""0.24"",""74375.82"",""Cancelado"",""Centro-Oeste"""
"082,""2024-05-24"",""C087"",""P048"",""24"",""1549.26"",""0.04"",""35694.95"",""Concluído"",""Sudeste"""
"083,""2024-06-10"",""C053"",""P023"",""23"",""2869.48"",""0.1"",""59398.24"",""Concluído"",""Sudeste"""
"084,""2024-08-21"",""C023"",""P045"",""22"",""1632.8"",""0.14"",""30892.58"",""Concluído"",""Sudeste"""
"085,""2024-05-23"",""C069"",""P017"",""2"",""205.95"",""0.02"",""403.66"",""Pendente"",""Nordeste"""
"086,""2024-12-23"",""C095"",""P040"",""31"",""1367.27"",""0.0"",""42385.37"",""Concluído"",""Sudeste"""
"087,""2024-07-06"",""C053"",""P021"",""11"",""41.83"",""0.17"",""381.91"",""Concluído"",""Nordeste"""
"088,""2024-11-17"",""C062"",""P002"",""28"",""4891.99"",""0.16"",""115059.6"",""Concluído"",""Sul"""
"089,""2024-01-13"",""C041"",""P037"",""46"",""4829.08"",""0.1"",""199923.91"",""Concluído"",""Sul"""
"090,""2024-07-02"",""C057"",""P006"",""32"",""1981.82"",""0.12"",""55808.05"",""Pendente"",""Sudeste"""
"091,""2024-04-20"",""C060"",""P044"",""5"",""3644.57"",""0.1"",""16400.57"",""Concluído"",""Sudeste"""
"092,""2024-10-16"",""C054"",""P018"",""38"",""1735.57"",""0.01"",""65292.14"",""Concluído"",""Sudeste"""
"093,""2024-10-21"",""C070"",""P030"",""10"",""3358.75"",""0.08"",""30900.5"",""Concluído"",""Sudeste"""
"094,""2024-08-02"",""C057"",""P022"",""40"",""4029.1"",""0.04"",""154717.44"",""Concluído"",""Sudeste"""
"095,""2024-04-29"",""C010"",""P033"",""46"",""4734.31"",""0.02"",""213422.69"",""Cancelado"",""Sul"""
"096,""2024-02-24"",""C040"",""P030"",""24"",""2007.06"",""0.24"",""36608.77"",""Concluído"",""Sudeste"""
"097,""2024-01-27"",""C007"",""P017"",""35"",""3918.66"",""0.15"",""116580.13"",""Concluído"",""Centro-Oeste"""
"098,""2024-04-27"",""C038"",""P043"",""44"",""1336.98"",""0.18"",""48238.24"",""Pendente"",""Sudeste"""
"099,""2024-08-08"",""C085"",""P032"",""48"",""4951.76"",""0.08"",""218669.72"",""Concluído"",""Sudeste"""
"100,""2024-08-18"",""C061"",""P042"",""23"",""138.59"",""0.1"",""2868.81"",""Concluído"",""Sudeste"""
"101,""2024-02-22"",""C084"",""P014"",""17"",""3021.61"",""0.06"",""48285.33"",""Concluído"",""Centro-Oeste"""
"102,""2024-10-21"",""C003"",""P010"",""1"",""3300.93"",""0.02"",""3234.91"",""Concluído"",""Sudeste"""
"103,""2024-11-16"",""C051"",""P047"",""31"",""3443.35"",""0.04"",""102474.1"",""Concluído"",""Nordeste"""
"104,""2024-08-20"",""C086"",""P036"",""31"",""610.73"",""0.2"",""15146.1"",""Pendente"",""Nordeste"""
"105,""2024-06-06"",""C047"",""P034"",""42"",""4693.26"",""0.17"",""163607.04"",""Concluído"",""Nordeste"""
"106,""2024-09-25"",""C068"",""P009"",""42"",""914.1"",""0.14"",""33017.29"",""Concluído"",""Sul"""
"107,""2024-01-21"",""C092"",""P042"",""34"",""3117.54"",""0.12"",""93276.8"",""Cancelado"",""Nordeste"""
"108,""2024-02-22"",""C076"",""P028"",""9"",""1121.15"",""0.23"",""7769.57"",""Concluído"",""Sul"""
"109,""2024-10-01"",""C038"",""P011"",""22"",""1543.01"",""0.02"",""33267.3"",""Concluído"",""Sudeste"""
"110,""2024-11-08"",""C036"",""P014"",""13"",""2736.83"",""0.07"",""33088.27"",""Concluído"",""Nordeste"""
"111,""2024-10-07"",""C041"",""P039"",""25"",""2091.8"",""0.09"",""47588.45"",""Pendente"",""Sudeste"""
"112,""2024-08-01"",""C069"",""P047"",""48"",""809.53"",""0.2"",""31085.95"",""Concluído"",""Norte"""
"113,""2024-01-31"",""C013"",""P019"",""18"",""862.97"",""0.25"",""11650.1"",""Concluído"",""Sul"""
"114,""2024-12-02"",""C087"",""P015"",""12"",""2096.54"",""0.06"",""23648.97"",""Concluído"",""Norte"""
"115,""2024-07-01"",""C058"",""P028"",""40"",""3788.84"",""0.22"",""118211.81"",""Concluído"",""Sudeste"""
"116,""2024-01-23"",""C050"",""P024"",""17"",""4490.84"",""0.21"",""60311.98"",""Concluído"",""Sudeste"""
"117,""2024-02-01"",""C030"",""P008"",""15"",""429.8"",""0.06"",""6060.18"",""Concluído"",""Sul"""
"118,""2024-03-14"",""C062"",""P043"",""42"",""1971.59"",""0.1"",""74526.1"",""Concluído"",""Centro-Oeste"""
"119,""2024-01-10"",""C025"",""P009"",""15"",""510.23"",""0.1"",""6888.11"",""Concluído"",""Sul"""
"120,""2024-02-23"",""C027"",""P047"",""15"",""92.8"",""0.24"",""1057.92"",""Pendente"",""Sul"""
"121,""2024-02-21"",""C051"",""P033"",""39"",""3311.98"",""0.05"",""122708.86"",""Concluído"",""Sudeste"""
"122,""2024-05-27"",""C078"",""P033"",""13"",""3016.22"",""0.2"",""31368.69"",""Concluído"",""Nordeste"""
"123,""2024-06-08"",""C057"",""P019"",""17"",""823.47"",""0.08"",""12879.07"",""Concluído"",""Sudeste"""
"124,""2024-01-14"",""C047"",""P003"",""32"",""1176.73"",""0.18"",""30877.4"",""Concluído"",""Sul"""
"125,""2024-06-26"",""C100"",""P010"",""9"",""128.3"",""0.11"",""1027.68"",""Concluído"",""Sudeste"""
"126,""2024-12-31"",""C039"",""P040"",""40"",""4176.39"",""0.14"",""143667.82"",""Concluído"",""Sudeste"""
"127,""2024-02-22"",""C016"",""P047"",""20"",""4873.71"",""0.21"",""77004.62"",""Concluído"",""Sudeste"""
"128,""2024-11-30"",""C022"",""P042"",""26"",""685.94"",""0.2"",""14267.55"",""Concluído"",""Sudeste"""
"129,""2024-01-22"",""C085"",""P001"",""27"",""1165.06"",""0.22"",""24536.16"",""Concluído"",""Nordeste"""
"130,""2024-01-30"",""C054"",""P029"",""21"",""4343.36"",""0.01"",""90298.45"",""Concluído"",""Sudeste"""
"131,""2024-07-09"",""C021"",""P050"",""18"",""4633.05"",""0.17"",""69217.77"",""Concluído"",""Sudeste"""
"132,""2024-09-16"",""C072"",""P034"",""13"",""2103.94"",""0.03"",""26530.68"",""Concluído"",""Sudeste"""
"133,""2024-07-23"",""C016"",""P013"",""16"",""262.61"",""0.1"",""3781.58"",""Concluído"",""Centro-Oeste"""
"134,""2024-02-28"",""C059"",""P001"",""9"",""206.57"",""0.14"",""1598.85"",""Concluído"",""Centro-Oeste"""
"135,""2024-09-20"",""C031"",""P034"",""12"",""2874.01"",""0.1"",""31039.31"",""Concluído"",""Norte"""
"136,""2024-01-12"",""C042"",""P029"",""44"",""1970.55"",""0.13"",""75432.65"",""Concluído"",""Sudeste"""
"137,""2024-04-28"",""C074"",""P048"",""38"",""152.98"",""0.25"",""4359.93"",""Concluído"",""Sul"""
"138,""2024-10-16"",""C032"",""P047"",""19"",""2920.43"",""0.03"",""53823.52"",""Concluído"",""Sudeste"""
"139,""2024-12-03"",""C059"",""P013"",""7"",""66.4"",""0.17"",""385.78"",""Concluído"",""Sudeste"""
"140,""2024-09-04"",""C034"",""P048"",""35"",""3938.99"",""0.1"",""124078.18"",""Concluído"",""Sudeste"""
"141,""2024-12-19"",""C009"",""P049"",""48"",""1539.1"",""0.03"",""71660.5"",""Cancelado"",""Nordeste"""
"142,""2024-05-06"",""C081"",""P029"",""18"",""210.89"",""0.04"",""3644.18"",""Concluído"",""Norte"""
"143,""2024-03-15"",""C011"",""P039"",""16"",""2945.88"",""0.24"",""35821.9"",""Cancelado"",""Norte"""
"144,""2024-12-26"",""C096"",""P024"",""39"",""1994.45"",""0.22"",""60671.17"",""Concluído"",""Sudeste"""
"145,""2024-07-22"",""C010"",""P026"",""4"",""4869.26"",""0.23"",""14997.32"",""Concluído"",""Nordeste"""
"146,""2024-02-18"",""C086"",""P017"",""25"",""2725.55"",""0.25"",""51104.06"",""Pendente"",""Sudeste"""
"147,""2024-03-19"",""C017"",""P007"",""32"",""1383.44"",""0.05"",""42056.58"",""Concluído"",""Sul"""
"148,""2024-08-28"",""C068"",""P013"",""40"",""3550.1"",""0.09"",""129223.64"",""Concluído"",""Nordeste"""
"149,""2024-12-14"",""C048"",""P005"",""13"",""1364.75"",""0.17"",""14725.65"",""Concluído"",""Sul"""
"150,""2024-06-02"",""C052"",""P026"",""45"",""4522.17"",""0.12"",""179077.93"",""Concluído"",""Sudeste"""
"151,""2024-09-30"",""C025"",""P049"",""17"",""1879.86"",""0.1"",""28761.86"",""Concluído"",""Sudeste"""
"152,""2024-04-05"",""C021"",""P003"",""49"",""2753.84"",""0.09"",""122793.73"",""Concluído"",""Nordeste"""
"153,""2024-08-01"",""C065"",""P007"",""37"",""262.36"",""0.15"",""8251.22"",""Concluído"",""Nordeste"""
"154,""2024-10-20"",""C063"",""P049"",""6"",""2136.34"",""0.14"",""11023.51"",""Concluído"",""Sudeste"""
"155,""2024-07-27"",""C089"",""P039"",""19"",""4163.49"",""0.04"",""75942.06"",""Cancelado"",""Norte"""
"156,""2024-12-08"",""C051"",""P001"",""13"",""4030.19"",""0.12"",""46105.37"",""Concluído"",""Sudeste"""
"157,""2024-03-28"",""C036"",""P049"",""26"",""1129.35"",""0.14"",""25252.27"",""Concluído"",""Sudeste"""
"158,""2024-11-01"",""C081"",""P017"",""14"",""1138.13"",""0.14"",""13703.09"",""Concluído"",""Nordeste"""
"159,""2024-09-20"",""C088"",""P043"",""31"",""4088.35"",""0.05"",""120401.91"",""Concluído"",""Nordeste"""
"160,""2024-11-20"",""C066"",""P025"",""4"",""4652.69"",""0.19"",""15074.72"",""Concluído"",""Centro-Oeste"""
"161,""2024-11-15"",""C015"",""P003"",""39"",""485.85"",""0.01"",""18758.67"",""Concluído"",""Sudeste"""
"162,""2024-06-05"",""C096"",""P015"",""8"",""2255.79"",""0.09"",""16422.15"",""Concluído"",""Nordeste"""
"163,""2024-06-04"",""C039"",""P029"",""25"",""1693.9"",""0.2"",""33878.0"",""Concluído"",""Nordeste"""
"164,""2024-05-18"",""C070"",""P043"",""13"",""4354.74"",""0.14"",""48685.99"",""Concluído"",""Centro-Oeste"""
"165,""2024-04-30"",""C001"",""P032"",""32"",""426.79"",""0.07"",""12701.27"",""Cancelado"",""Sul"""
"166,""2024-03-05"",""C023"",""P026"",""38"",""1063.52"",""0.17"",""33543.42"",""Concluído"",""Nordeste"""
"167,""2024-04-16"",""C039"",""P016"",""38"",""3764.82"",""0.14"",""123034.32"",""Concluído"",""Sudeste"""
"168,""2024-05-26"",""C057"",""P025"",""28"",""265.96"",""0.2"",""5957.5"",""Concluído"",""Sudeste"""
"169,""2024-05-16"",""C081"",""P028"",""30"",""2467.75"",""0.18"",""60706.65"",""Concluído"",""Sudeste"""
"170,""2024-06-10"",""C034"",""P009"",""3"",""2216.11"",""0.15"",""5651.08"",""Pendente"",""Sudeste"""
"171,""2024-04-09"",""C041"",""P001"",""28"",""1678.66"",""0.12"",""41362.18"",""Concluído"",""Sudeste"""
"172,""2024-12-03"",""C093"",""P029"",""3"",""1978.92"",""0.03"",""5758.66"",""Concluído"",""Norte"""
"173,""2024-11-02"",""C073"",""P022"",""45"",""2654.4"",""0.07"",""111086.64"",""Concluído"",""Sudeste"""
"174,""2024-05-20"",""C013"",""P016"",""34"",""815.22"",""0.1"",""24945.73"",""Concluído"",""Nordeste"""
"175,""2024-03-23"",""C070"",""P041"",""16"",""2864.26"",""0.15"",""38953.94"",""Concluído"",""Sudeste"""
"176,""2024-06-25"",""C006"",""P044"",""22"",""4029.11"",""0.13"",""77117.17"",""Concluído"",""Sul"""
"177,""2024-07-16"",""C084"",""P041"",""32"",""3803.2"",""0.07"",""113183.23"",""Pendente"",""Sudeste"""
"178,""2024-04-21"",""C052"",""P007"",""38"",""777.96"",""0.0"",""29562.48"",""Concluído"",""Sudeste"""
"179,""2024-02-25"",""C003"",""P014"",""8"",""754.75"",""0.12"",""5313.44"",""Pendente"",""Sudeste"""
"180,""2024-06-27"",""C081"",""P029"",""8"",""1348.19"",""0.07"",""10030.53"",""Concluído"",""Sul"""
"181,""2024-07-04"",""C063"",""P019"",""6"",""1811.76"",""0.18"",""8913.86"",""Concluído"",""Sudeste"""
"182,""2024-08-05"",""C049"",""P019"",""14"",""2048.19"",""0.01"",""28387.91"",""Concluído"",""Sudeste"""
"183,""2024-11-11"",""C076"",""P002"",""32"",""3401.69"",""0.15"",""92525.97"",""Concluído"",""Sudeste"""
"184,""2024-08-04"",""C047"",""P041"",""35"",""292.84"",""0.24"",""7789.54"",""Concluído"",""Sudeste"""
"185,""2024-04-29"",""C055"",""P045"",""10"",""183.02"",""0.04"",""1756.99"",""Concluído"",""Sul"""
"186,""2024-06-23"",""C064"",""P015"",""3"",""1965.63"",""0.12"",""5189.26"",""Concluído"",""Centro-Oeste"""
"187,""2024-01-23"",""C065"",""P003"",""12"",""3488.85"",""0.02"",""41028.88"",""Concluído"",""Norte"""
"188,""2024-07-31"",""C081"",""P011"",""49"",""975.24"",""0.16"",""40140.88"",""Concluído"",""Nordeste"""
"189,""2024-08-22"",""C067"",""P046"",""31"",""3211.11"",""0.14"",""85608.19"",""Concluído"",""Sul"""
"190,""2024-01-13"",""C090"",""P030"",""29"",""1306.54"",""0.1"",""34100.69"",""Concluído"",""Nordeste"""
"191,""2024-04-10"",""C015"",""P040"",""5"",""4431.57"",""0.13"",""19277.33"",""Concluído"",""Norte"""
"192,""2024-01-24"",""C100"",""P018"",""25"",""4479.49"",""0.22"",""87350.06"",""Concluído"",""Nordeste"""
"193,""2024-12-29"",""C032"",""P048"",""41"",""1493.46"",""0.05"",""58170.27"",""Concluído"",""Sul"""
"194,""2024-01-11"",""C096"",""P002"",""31"",""1157.67"",""0.01"",""35528.89"",""Pendente"",""Nordeste"""
"195,""2024-09-29"",""C068"",""P032"",""21"",""2062.41"",""0.22"",""33782.28"",""Concluído"",""Norte"""
"196,""2024-10-07"",""C018"",""P008"",""20"",""1210.25"",""0.14"",""20816.3"",""Concluído"",""Sudeste"""
"197,""2024-04-03"",""C083"",""P022"",""39"",""3365.2"",""0.22"",""102369.38"",""Cancelado"",""Nordeste"""
"198,""2024-07-19"",""C043"",""P006"",""22"",""4132.06"",""0.15"",""77269.52"",""Concluído"",""Sudeste"""
"199,""2024-01-21"",""C035"",""P012"",""4"",""3368.73"",""0.2"",""10779.94"",""Pendente"",""Sudeste"""
"200,""2024-12-05"",""C078"",""P047"",""13"",""4123.51"",""0.11"",""47709.01"",""Concluído"",""Sul"""
"201,""2024-07-29"",""C058"",""P040"",""45"",""1990.99"",""0.19"",""72571.59"",""Concluído"",""Nordeste"""
"202,""2024-05-19"",""C033"",""P036"",""42"",""790.02"",""0.23"",""25549.25"",""Concluído"",""Sul"""
"203,""2024-10-19"",""C014"",""P015"",""50"",""3692.38"",""0.14"",""158772.34"",""Concluído"",""Sudeste"""
"204,""2024-10-24"",""C034"",""P028"",""49"",""1808.77"",""0.05"",""84198.24"",""Concluído"",""Sudeste"""
"205,""2024-04-10"",""C061"",""P049"",""20"",""3359.64"",""0.07"",""62489.3"",""Concluído"",""Sudeste"""
"206,""2024-10-30"",""C004"",""P045"",""13"",""1360.51"",""0.05"",""16802.3"",""Concluído"",""Sul"""
"207,""2024-12-24"",""C088"",""P018"",""17"",""415.34"",""0.06"",""6637.13"",""Concluído"",""Nordeste"""
"208,""2024-01-28"",""C059"",""P002"",""36"",""4962.98"",""0.08"",""164373.9"",""Concluído"",""Nordeste"""
"209,""2024-02-10"",""C029"",""P013"",""33"",""789.45"",""0.14"",""22404.59"",""Concluído"",""Sul"""
"210,""2024-12-20"",""C083"",""P045"",""1"",""4942.22"",""0.15"",""4200.89"",""Concluído"",""Sul"""
"211,""2024-10-29"",""C006"",""P015"",""15"",""4886.63"",""0.11"",""65236.51"",""Concluído"",""Sul"""
"212,""2024-05-25"",""C097"",""P020"",""13"",""3971.15"",""0.15"",""43881.21"",""Cancelado"",""Norte"""
"213,""2024-09-12"",""C049"",""P029"",""17"",""3300.52"",""0.02"",""54986.66"",""Concluído"",""Sudeste"""
"214,""2024-08-14"",""C040"",""P042"",""24"",""2893.26"",""0.02"",""68049.48"",""Pendente"",""Sudeste"""
"215,""2024-08-23"",""C083"",""P029"",""8"",""4331.85"",""0.04"",""33268.61"",""Concluído"",""Sul"""
"216,""2024-12-26"",""C065"",""P003"",""50"",""1454.3"",""0.13"",""63262.05"",""Concluído"",""Nordeste"""
"217,""2024-01-13"",""C069"",""P019"",""27"",""2343.73"",""0.05"",""60116.67"",""Concluído"",""Norte"""
"218,""2024-07-28"",""C027"",""P003"",""45"",""3100.76"",""0.07"",""129766.81"",""Concluído"",""Norte"""
"219,""2024-08-16"",""C080"",""P014"",""23"",""2061.84"",""0.1"",""42680.09"",""Concluído"",""Nordeste"""
"220,""2024-04-09"",""C006"",""P040"",""46"",""2143.16"",""0.2"",""78868.29"",""Concluído"",""Sul"""
"221,""2024-01-31"",""C013"",""P004"",""8"",""1658.12"",""0.0"",""13264.96"",""Concluído"",""Sul"""
"222,""2024-01-16"",""C064"",""P011"",""8"",""2825.52"",""0.16"",""18987.49"",""Concluído"",""Sul"""
"223,""2024-05-16"",""C062"",""P031"",""26"",""4254.37"",""0.17"",""91809.3"",""Concluído"",""Sudeste"""
"224,""2024-11-24"",""C099"",""P043"",""47"",""1015.63"",""0.2"",""38187.69"",""Concluído"",""Sul"""
"225,""2024-06-14"",""C019"",""P032"",""13"",""4672.82"",""0.23"",""46774.93"",""Concluído"",""Sudeste"""
"226,""2024-11-05"",""C076"",""P027"",""39"",""3448.55"",""0.01"",""133148.52"",""Concluído"",""Sudeste"""
"227,""2024-04-09"",""C080"",""P030"",""37"",""4118.13"",""0.04"",""146275.98"",""Concluído"",""Centro-Oeste"""
"228,""2024-04-18"",""C043"",""P043"",""49"",""2785.39"",""0.22"",""106457.61"",""Concluído"",""Nordeste"""
"229,""2024-12-08"",""C074"",""P002"",""28"",""3899.79"",""0.11"",""97182.77"",""Concluído"",""Norte"""
"230,""2024-06-21"",""C089"",""P049"",""25"",""90.84"",""0.14"",""1953.06"",""Concluído"",""Nordeste"""
"231,""2024-08-24"",""C020"",""P009"",""16"",""4093.72"",""0.17"",""54364.6"",""Concluído"",""Sul"""
"232,""2024-06-10"",""C095"",""P028"",""2"",""210.29"",""0.17"",""349.08"",""Concluído"",""Nordeste"""
"233,""2024-08-03"",""C068"",""P031"",""18"",""4450.67"",""0.23"",""61686.29"",""Concluído"",""Sudeste"""
"234,""2024-09-20"",""C044"",""P034"",""17"",""4959.89"",""0.25"",""63238.6"",""Concluído"",""Nordeste"""
"235,""2024-09-19"",""C023"",""P015"",""30"",""1477.4"",""0.18"",""36344.04"",""Pendente"",""Sudeste"""
"236,""2024-10-18"",""C002"",""P048"",""39"",""1059.49"",""0.07"",""38427.7"",""Pendente"",""Centro-Oeste"""
"237,""2024-09-30"",""C022"",""P025"",""13"",""3829.16"",""0.22"",""38827.68"",""Concluído"",""Sudeste"""
"238,""2024-01-03"",""C057"",""P036"",""32"",""1272.6"",""0.01"",""40315.97"",""Concluído"",""Sudeste"""
"239,""2024-01-28"",""C072"",""P008"",""50"",""4329.16"",""0.06"",""203470.52"",""Concluído"",""Centro-Oeste"""
"240,""2024-11-21"",""C007"",""P009"",""29"",""523.18"",""0.22"",""11834.33"",""Concluído"",""Sul"""
"241,""2024-05-28"",""C078"",""P037"",""46"",""638.52"",""0.06"",""27609.6"",""Concluído"",""Nordeste"""
"242,""2024-01-28"",""C056"",""P048"",""30"",""4895.97"",""0.06"",""138066.35"",""Concluído"",""Nordeste"""
"243,""2024-11-05"",""C067"",""P045"",""18"",""3372.46"",""0.03"",""58883.15"",""Pendente"",""Norte"""
"244,""2024-03-05"",""C016"",""P039"",""13"",""4235.97"",""0.21"",""43503.41"",""Concluído"",""Centro-Oeste"""
"245,""2024-12-21"",""C083"",""P032"",""43"",""1628.4"",""0.13"",""60918.44"",""Concluído"",""Centro-Oeste"""
"246,""2024-01-21"",""C051"",""P017"",""21"",""3385.65"",""0.17"",""59011.88"",""Concluído"",""Sul"""
"247,""2024-09-08"",""C082"",""P035"",""30"",""2975.27"",""0.06"",""83902.61"",""Concluído"",""Norte"""
"248,""2024-08-22"",""C080"",""P037"",""21"",""3019.72"",""0.19"",""51365.44"",""Concluído"",""Nordeste"""
"249,""2024-08-14"",""C072"",""P019"",""48"",""3415.84"",""0.19"",""132807.86"",""Cancelado"",""Nordeste"""
"250,""2024-01-13"",""C097"",""P044"",""17"",""2881.04"",""0.08"",""45059.47"",""Concluído"",""Sul"""
"251,""2024-11-08"",""C012"",""P029"",""40"",""2151.02"",""0.1"",""77436.72"",""Concluído"",""Nordeste"""
"252,""2024-02-18"",""C053"",""P007"",""19"",""1386.85"",""0.05"",""25032.64"",""Concluído"",""Centro-Oeste"""
"253,""2024-04-27"",""C075"",""P028"",""15"",""3845.22"",""0.24"",""43835.51"",""Concluído"",""Centro-Oeste"""
"254,""2024-02-23"",""C005"",""P009"",""9"",""1139.1"",""0.16"",""8611.6"",""Concluído"",""Sudeste"""
"255,""2024-05-17"",""C027"",""P028"",""10"",""3464.85"",""0.23"",""26679.35"",""Concluído"",""Sul"""
"256,""2024-02-22"",""C012"",""P006"",""44"",""1174.33"",""0.08"",""47536.88"",""Concluído"",""Sudeste"""
"257,""2024-02-13"",""C017"",""P029"",""31"",""3130.4"",""0.2"",""77633.92"",""Concluído"",""Norte"""
"258,""2024-10-29"",""C006"",""P017"",""23"",""3737.92"",""0.19"",""69637.45"",""Concluído"",""Nordeste"""
"259,""2024-02-22"",""C097"",""P016"",""30"",""1101.38"",""0.17"",""27424.36"",""Concluído"",""Sudeste"""
"260,""2024-03-14"",""C005"",""P023"",""33"",""309.12"",""0.24"",""7752.73"",""Concluído"",""Sul"""
"261,""2024-02-15"",""C057"",""P031"",""9"",""663.56"",""0.1"",""5374.84"",""Concluído"",""Sudeste"""
"262,""2024-01-13"",""C028"",""P003"",""47"",""3033.92"",""0.03"",""138316.41"",""Concluído"",""Sudeste"""
"263,""2024-06-13"",""C078"",""P021"",""1"",""4248.74"",""0.17"",""3526.45"",""Concluído"",""Centro-Oeste"""
"264,""2024-04-11"",""C069"",""P026"",""44"",""234.53"",""0.18"",""8461.84"",""Concluído"",""Nordeste"""
"265,""2024-10-06"",""C059"",""P036"",""35"",""3673.41"",""0.14"",""110569.64"",""Concluído"",""Sudeste"""
"266,""2024-09-14"",""C033"",""P042"",""11"",""1713.18"",""0.05"",""17902.73"",""Concluído"",""Sudeste"""
"267,""2024-12-02"",""C062"",""P037"",""34"",""2397.86"",""0.13"",""70928.7"",""Concluído"",""Sul"""
"268,""2024-12-21"",""C050"",""P022"",""16"",""4645.01"",""0.08"",""68374.55"",""Concluído"",""Centro-Oeste"""
"269,""2024-05-17"",""C019"",""P042"",""9"",""1666.54"",""0.11"",""13348.99"",""Concluído"",""Sudeste"""
"270,""2024-06-11"",""C086"",""P012"",""32"",""2332.03"",""0.16"",""62684.97"",""Concluído"",""Sudeste"""
"271,""2024-04-20"",""C069"",""P042"",""15"",""78.28"",""0.19"",""951.1"",""Concluído"",""Sudeste"""
"272,""2024-04-11"",""C066"",""P013"",""12"",""417.18"",""0.06"",""4705.79"",""Concluído"",""Nordeste"""
"273,""2024-01-17"",""C094"",""P011"",""33"",""1300.37"",""0.1"",""38620.99"",""Concluído"",""Nordeste"""
"274,""2024-09-24"",""C047"",""P016"",""45"",""148.98"",""0.07"",""6234.81"",""Concluído"",""Nordeste"""
"275,""2024-06-30"",""C039"",""P008"",""14"",""3160.56"",""0.05"",""42035.45"",""Concluído"",""Sudeste"""
"276,""2024-01-24"",""C068"",""P040"",""8"",""2137.73"",""0.2"",""13681.47"",""Concluído"",""Sudeste"""
"277,""2024-01-29"",""C033"",""P040"",""8"",""2745.24"",""0.23"",""16910.68"",""Concluído"",""Sul"""
"278,""2024-06-19"",""C013"",""P045"",""27"",""881.49"",""0.09"",""21658.21"",""Concluído"",""Nordeste"""
"279,""2024-08-15"",""C084"",""P002"",""12"",""1486.7"",""0.19"",""14450.72"",""Concluído"",""Sul"""
"280,""2024-07-06"",""C054"",""P030"",""1"",""3322.48"",""0.22"",""2591.53"",""Concluído"",""Sudeste"""
"281,""2024-12-11"",""C007"",""P030"",""43"",""4826.86"",""0.21"",""163968.43"",""Concluído"",""Norte"""
"282,""2024-08-17"",""C079"",""P012"",""40"",""261.58"",""0.05"",""9940.04"",""Concluído"",""Norte"""
"283,""2024-11-16"",""C087"",""P010"",""42"",""4453.02"",""0.24"",""142140.4"",""Concluído"",""Sudeste"""
"284,""2024-12-05"",""C014"",""P044"",""11"",""2888.64"",""0.09"",""28915.29"",""Cancelado"",""Sudeste"""
"285,""2024-04-28"",""C087"",""P011"",""39"",""2823.96"",""0.08"",""101323.68"",""Cancelado"",""Sul"""
"286,""2024-06-04"",""C019"",""P015"",""43"",""2506.39"",""0.02"",""105619.27"",""Pendente"",""Nordeste"""
"287,""2024-09-28"",""C054"",""P016"",""31"",""356.28"",""0.12"",""9719.32"",""Concluído"",""Norte"""
"288,""2024-06-23"",""C093"",""P017"",""17"",""458.49"",""0.03"",""7560.5"",""Concluído"",""Sudeste"""
"289,""2024-04-13"",""C020"",""P026"",""33"",""3008.55"",""0.06"",""93325.22"",""Concluído"",""Sudeste"""
"290,""2024-04-01"",""C029"",""P002"",""32"",""1711.38"",""0.08"",""50383.03"",""Concluído"",""Norte"""
"291,""2024-07-04"",""C024"",""P050"",""29"",""4587.17"",""0.2"",""106422.34"",""Concluído"",""Norte"""
"292,""2024-10-09"",""C082"",""P012"",""21"",""2038.89"",""0.22"",""33397.02"",""Concluído"",""Sudeste"""
"293,""2024-06-29"",""C063"",""P026"",""21"",""724.97"",""0.08"",""14006.42"",""Concluído"",""Sudeste"""
"294,""2024-06-18"",""C074"",""P023"",""40"",""3576.45"",""0.21"",""113015.82"",""Concluído"",""Sul"""
"295,""2024-07-05"",""C057"",""P018"",""23"",""1473.83"",""0.21"",""26779.49"",""Concluído"",""Sul"""
"296,""2024-06-23"",""C008"",""P032"",""6"",""2632.1"",""0.19"",""12792.01"",""Pendente"",""Centro-Oeste"""
"297,""2024-08-09"",""C090"",""P049"",""22"",""3492.19"",""0.04"",""73755.05"",""Concluído"",""Norte"""
"298,""2024-08-20"",""C062"",""P038"",""50"",""4502.32"",""0.17"",""186846.28"",""Concluído"",""Nordeste"""
"299,""2024-06-10"",""C029"",""P047"",""38"",""3963.03"",""0.24"",""114452.31"",""Pendente"",""Sul"""
"300,""2024-05-13"",""C074"",""P003"",""37"",""3385.04"",""0.17"",""103954.58"",""Concluído"",""Norte"""
"301,""2024-08-11"",""C017"",""P038"",""45"",""3401.37"",""0.08"",""140816.72"",""Concluído"",""Sudeste"""
"302,""2024-06-01"",""C066"",""P003"",""8"",""4730.16"",""0.13"",""32921.91"",""Concluído"",""Sudeste"""
"303,""2024-02-02"",""C006"",""P030"",""41"",""1486.16"",""0.16"",""51183.35"",""Concluído"",""Sudeste"""
"304,""2024-02-24"",""C058"",""P001"",""49"",""15.55"",""0.13"",""662.9"",""Pendente"",""Sul"""
"305,""2024-01-07"",""C069"",""P030"",""35"",""1367.05"",""0.03"",""46411.35"",""Concluído"",""Nordeste"""
"306,""2024-08-31"",""C028"",""P045"",""11"",""1097.28"",""0.08"",""11104.47"",""Concluído"",""Sudeste"""
"307,""2024-11-08"",""C062"",""P032"",""24"",""3312.55"",""0.2"",""63600.96"",""Concluído"",""Sul"""
"308,""2024-05-05"",""C041"",""P028"",""49"",""3172.22"",""0.22"",""121242.25"",""Concluído"",""Sul"""
"309,""2024-01-12"",""C069"",""P021"",""21"",""2971.37"",""0.03"",""60526.81"",""Cancelado"",""Sul"""
"310,""2024-01-16"",""C082"",""P046"",""2"",""91.05"",""0.24"",""138.4"",""Concluído"",""Sul"""
"311,""2024-07-26"",""C090"",""P013"",""40"",""3646.6"",""0.08"",""134194.88"",""Concluído"",""Sudeste"""
"312,""2024-02-12"",""C084"",""P027"",""19"",""1624.42"",""0.17"",""25617.1"",""Concluído"",""Norte"""
"313,""2024-05-14"",""C041"",""P036"",""39"",""3328.63"",""0.19"",""105151.42"",""Concluído"",""Sul"""
"314,""2024-08-15"",""C049"",""P007"",""28"",""2787.33"",""0.2"",""62436.19"",""Pendente"",""Sul"""
"315,""2024-04-20"",""C091"",""P022"",""17"",""1720.23"",""0.24"",""22225.37"",""Concluído"",""Sudeste"""
"316,""2024-11-02"",""C049"",""P010"",""6"",""681.54"",""0.08"",""3762.1"",""Concluído"",""Norte"""
"317,""2024-06-08"",""C076"",""P039"",""19"",""481.15"",""0.21"",""7222.06"",""Concluído"",""Sudeste"""
"318,""2024-11-26"",""C071"",""P015"",""38"",""4159.28"",""0.03"",""153311.06"",""Concluído"",""Sudeste"""
"319,""2024-09-20"",""C003"",""P015"",""28"",""4592.8"",""0.18"",""105450.69"",""Concluído"",""Sudeste"""
"320,""2024-08-12"",""C010"",""P004"",""2"",""3252.44"",""0.19"",""5268.95"",""Pendente"",""Sudeste"""
"321,""2024-08-04"",""C098"",""P032"",""38"",""526.14"",""0.17"",""16594.46"",""Concluído"",""Sul"""
"322,""2024-02-14"",""C089"",""P023"",""37"",""2016.12"",""0.06"",""70120.65"",""Pendente"",""Nordeste"""
"323,""2024-08-01"",""C035"",""P006"",""4"",""3647.41"",""0.22"",""11379.92"",""Concluído"",""Nordeste"""
"324,""2024-02-28"",""C080"",""P024"",""22"",""3901.31"",""0.04"",""82395.67"",""Concluído"",""Sudeste"""
"325,""2024-05-11"",""C002"",""P020"",""26"",""599.91"",""0.01"",""15441.68"",""Concluído"",""Nordeste"""
"326,""2024-04-13"",""C024"",""P037"",""49"",""10.15"",""0.18"",""407.83"",""Concluído"",""Nordeste"""
"327,""2024-07-13"",""C074"",""P020"",""43"",""3563.56"",""0.12"",""134845.11"",""Pendente"",""Sudeste"""
"328,""2024-06-05"",""C038"",""P012"",""36"",""1789.41"",""0.21"",""50890.82"",""Concluído"",""Sudeste"""
"329,""2024-04-07"",""C022"",""P033"",""13"",""1279.86"",""0.1"",""14974.36"",""Concluído"",""Sul"""
"330,""2024-08-13"",""C026"",""P028"",""32"",""74.36"",""0.04"",""2284.34"",""Concluído"",""Sul"""
"331,""2024-07-23"",""C043"",""P008"",""17"",""2706.09"",""0.21"",""36342.79"",""Concluído"",""Nordeste"""
"332,""2024-03-19"",""C055"",""P001"",""41"",""4257.24"",""0.14"",""150110.28"",""Concluído"",""Norte"""
"333,""2024-05-03"",""C039"",""P037"",""36"",""4788.58"",""0.05"",""163769.44"",""Concluído"",""Centro-Oeste"""
"334,""2024-08-05"",""C091"",""P022"",""46"",""2833.07"",""0.18"",""106863.4"",""Concluído"",""Nordeste"""
"335,""2024-01-04"",""C029"",""P006"",""19"",""2577.16"",""0.13"",""42600.45"",""Concluído"",""Sul"""
"336,""2024-03-30"",""C020"",""P021"",""35"",""434.43"",""0.15"",""12924.29"",""Concluído"",""Sul"""
"337,""2024-04-13"",""C091"",""P032"",""46"",""2748.88"",""0.12"",""111274.66"",""Concluído"",""Norte"""
"338,""2024-04-28"",""C041"",""P035"",""40"",""1906.1"",""0.21"",""60232.76"",""Concluído"",""Sudeste"""
"339,""2024-05-12"",""C054"",""P015"",""28"",""3039.61"",""0.21"",""67236.17"",""Concluído"",""Nordeste"""
"340,""2024-11-07"",""C020"",""P005"",""1"",""1949.74"",""0.18"",""1598.79"",""Cancelado"",""Nordeste"""
"341,""2024-04-05"",""C019"",""P046"",""42"",""1209.09"",""0.03"",""49258.33"",""Concluído"",""Nordeste"""
"342,""2024-11-26"",""C084"",""P050"",""18"",""483.88"",""0.21"",""6880.77"",""Concluído"",""Norte"""
"343,""2024-05-22"",""C099"",""P048"",""48"",""1581.44"",""0.17"",""63004.57"",""Concluído"",""Sul"""
"344,""2024-10-14"",""C066"",""P006"",""40"",""492.26"",""0.17"",""16343.03"",""Concluído"",""Nordeste"""
"345,""2024-01-28"",""C030"",""P025"",""33"",""892.72"",""0.09"",""26808.38"",""Concluído"",""Norte"""
"346,""2024-10-04"",""C053"",""P046"",""12"",""4936.81"",""0.22"",""46208.54"",""Concluído"",""Sudeste"""
"347,""2024-08-20"",""C034"",""P040"",""8"",""2226.08"",""0.18"",""14603.08"",""Concluído"",""Nordeste"""
"348,""2024-01-17"",""C022"",""P029"",""24"",""2664.04"",""0.03"",""62018.85"",""Concluído"",""Sudeste"""
"349,""2024-02-28"",""C067"",""P007"",""16"",""4369.36"",""0.1"",""62918.78"",""Concluído"",""Centro-Oeste"""
"350,""2024-03-30"",""C006"",""P040"",""50"",""4977.89"",""0.22"",""194137.71"",""Concluído"",""Sul"""
"351,""2024-07-17"",""C079"",""P013"",""4"",""2917.75"",""0.01"",""11554.29"",""Pendente"",""Sudeste"""
"352,""2024-12-27"",""C027"",""P038"",""38"",""4064.24"",""0.24"",""117375.25"",""Concluído"",""Sul"""
"353,""2024-01-26"",""C010"",""P018"",""44"",""1641.44"",""0.17"",""59945.39"",""Concluído"",""Nordeste"""
"354,""2024-01-25"",""C073"",""P002"",""27"",""1535.66"",""0.16"",""34828.77"",""Pendente"",""Sul"""
"355,""2024-10-27"",""C097"",""P008"",""9"",""2019.49"",""0.07"",""16903.13"",""Concluído"",""Sudeste"""
"356,""2024-12-04"",""C096"",""P011"",""47"",""3365.81"",""0.06"",""148701.49"",""Concluído"",""Sudeste"""
"357,""2024-09-23"",""C048"",""P033"",""16"",""3414.14"",""0.24"",""41515.94"",""Concluído"",""Centro-Oeste"""
"358,""2024-06-29"",""C070"",""P038"",""12"",""1583.04"",""0.07"",""17666.73"",""Pendente"",""Sudeste"""
"359,""2024-12-25"",""C059"",""P048"",""31"",""674.72"",""0.19"",""16942.22"",""Concluído"",""Sul"""
"360,""2024-03-08"",""C100"",""P027"",""24"",""3165.66"",""0.1"",""68378.26"",""Pendente"",""Nordeste"""
"361,""2024-12-16"",""C059"",""P020"",""14"",""650.35"",""0.03"",""8831.75"",""Concluído"",""Sudeste"""
"362,""2024-11-16"",""C002"",""P012"",""45"",""2896.68"",""0.0"",""130350.6"",""Concluído"",""Centro-Oeste"""
"363,""2024-02-18"",""C029"",""P043"",""25"",""3470.18"",""0.14"",""74608.87"",""Pendente"",""Sul"""
"364,""2024-06-23"",""C068"",""P031"",""34"",""3506.05"",""0.24"",""90596.33"",""Concluído"",""Nordeste"""
"365,""2024-02-21"",""C065"",""P027"",""3"",""3769.83"",""0.09"",""10291.64"",""Concluído"",""Sudeste"""
"366,""2024-04-11"",""C083"",""P032"",""24"",""4365.57"",""0.09"",""95344.05"",""Concluído"",""Sul"""
"367,""2024-08-03"",""C026"",""P010"",""42"",""2504.8"",""0.09"",""95733.46"",""Concluído"",""Nordeste"""
"368,""2024-07-06"",""C089"",""P003"",""9"",""3653.94"",""0.13"",""28610.35"",""Pendente"",""Sudeste"""
"369,""2024-02-26"",""C010"",""P045"",""26"",""3099.67"",""0.11"",""71726.36"",""Concluído"",""Nordeste"""
"370,""2024-02-16"",""C053"",""P027"",""20"",""941.33"",""0.22"",""14684.75"",""Concluído"",""Sudeste"""
"371,""2024-06-07"",""C079"",""P035"",""40"",""138.19"",""0.13"",""4809.01"",""Concluído"",""Sudeste"""
"372,""2024-06-22"",""C059"",""P031"",""10"",""1429.86"",""0.13"",""12439.78"",""Concluído"",""Sudeste"""
"373,""2024-08-29"",""C022"",""P015"",""19"",""2220.74"",""0.03"",""40928.24"",""Concluído"",""Centro-Oeste"""
"374,""2024-10-08"",""C051"",""P016"",""3"",""3089.36"",""0.25"",""6951.06"",""Concluído"",""Sudeste"""
"375,""2024-08-28"",""C048"",""P013"",""24"",""4251.3"",""0.06"",""95909.33"",""Concluído"",""Sudeste"""
"376,""2024-01-05"",""C021"",""P049"",""5"",""989.27"",""0.02"",""4847.42"",""Cancelado"",""Sudeste"""
"377,""2024-03-24"",""C022"",""P035"",""3"",""636.49"",""0.17"",""1584.86"",""Concluído"",""Sudeste"""
"378,""2024-11-03"",""C100"",""P011"",""27"",""4817.76"",""0.15"",""110567.59"",""Concluído"",""Sudeste"""
"379,""2024-12-26"",""C098"",""P021"",""16"",""549.14"",""0.1"",""7907.62"",""Cancelado"",""Centro-Oeste"""
"380,""2024-09-04"",""C030"",""P011"",""49"",""2397.67"",""0.11"",""104562.39"",""Concluído"",""Sudeste"""
"381,""2024-02-23"",""C025"",""P030"",""15"",""2931.96"",""0.2"",""35183.52"",""Concluído"",""Norte"""
"382,""2024-06-09"",""C028"",""P048"",""35"",""2711.46"",""0.05"",""90156.04"",""Concluído"",""Sul"""
"383,""2024-08-13"",""C065"",""P035"",""12"",""439.3"",""0.21"",""4164.56"",""Pendente"",""Nordeste"""
"384,""2024-01-15"",""C045"",""P022"",""41"",""294.56"",""0.16"",""10144.65"",""Concluído"",""Centro-Oeste"""
"385,""2024-08-11"",""C068"",""P038"",""44"",""536.36"",""0.1"",""21239.86"",""Pendente"",""Sul"""
"386,""2024-03-01"",""C007"",""P031"",""26"",""2932.08"",""0.11"",""67848.33"",""Concluído"",""Centro-Oeste"""
"387,""2024-05-01"",""C049"",""P014"",""47"",""2726.28"",""0.06"",""120447.05"",""Concluído"",""Sudeste"""
"388,""2024-10-03"",""C009"",""P024"",""34"",""1176.37"",""0.19"",""32397.23"",""Concluído"",""Centro-Oeste"""
"389,""2024-02-15"",""C036"",""P050"",""23"",""3192.49"",""0.13"",""63881.72"",""Concluído"",""Nordeste"""
"390,""2024-10-20"",""C083"",""P049"",""31"",""4102.14"",""0.08"",""116993.03"",""Concluído"",""Sudeste"""
"391,""2024-03-02"",""C001"",""P032"",""50"",""217.48"",""0.15"",""9242.9"",""Concluído"",""Sul"""
"392,""2024-03-26"",""C010"",""P036"",""20"",""2495.67"",""0.25"",""37435.05"",""Concluído"",""Sudeste"""
"393,""2024-07-28"",""C036"",""P032"",""12"",""3449.66"",""0.11"",""36842.37"",""Concluído"",""Sul"""
"394,""2024-03-18"",""C073"",""P015"",""23"",""1269.04"",""0.23"",""22474.7"",""Concluído"",""Sul"""
"395,""2024-07-20"",""C046"",""P043"",""4"",""1545.78"",""0.09"",""5626.64"",""Concluído"",""Sul"""
"396,""2024-10-28"",""C032"",""P035"",""23"",""3072.05"",""0.01"",""69950.58"",""Concluído"",""Sudeste"""
"397,""2024-08-10"",""C032"",""P003"",""48"",""4490.7"",""0.05"",""204775.92"",""Concluído"",""Nordeste"""
"398,""2024-08-09"",""C006"",""P016"",""48"",""4051.52"",""0.1"",""175025.66"",""Concluído"",""Sul"""
"399,""2024-01-03"",""C048"",""P005"",""1"",""2919.82"",""0.05"",""2773.83"",""Concluído"",""Sul"""
"400,""2024-01-06"",""C038"",""P021"",""25"",""3653.81"",""0.0"",""91345.25"",""Concluído"",""Nordeste"""
"401,""2024-04-02"",""C017"",""P010"",""2"",""1830.46"",""0.23"",""2818.91"",""Concluído"",""Sul"""
"402,""2024-01-08"",""C074"",""P019"",""30"",""3208.42"",""0.21"",""76039.55"",""Pendente"",""Sul"""
"403,""2024-08-22"",""C027"",""P025"",""3"",""2336.25"",""0.19"",""5677.09"",""Concluído"",""Sul"""
"404,""2024-04-17"",""C054"",""P004"",""21"",""957.78"",""0.04"",""19308.84"",""Concluído"",""Centro-Oeste"""
"405,""2024-06-09"",""C050"",""P029"",""25"",""3511.67"",""0.03"",""85158.0"",""Concluído"",""Norte"""
"406,""2024-07-27"",""C035"",""P019"",""20"",""2786.76"",""0.02"",""54620.5"",""Concluído"",""Sudeste"""
"407,""2024-08-27"",""C085"",""P043"",""49"",""1799.52"",""0.18"",""72304.71"",""Concluído"",""Nordeste"""
"408,""2024-11-26"",""C025"",""P002"",""22"",""4557.58"",""0.23"",""77205.41"",""Concluído"",""Sudeste"""
"409,""2024-11-28"",""C028"",""P010"",""21"",""114.46"",""0.11"",""2139.26"",""Concluído"",""Nordeste"""
"410,""2024-02-19"",""C015"",""P043"",""33"",""1585.71"",""0.03"",""50758.58"",""Concluído"",""Nordeste"""
"411,""2024-01-11"",""C004"",""P025"",""38"",""293.84"",""0.13"",""9714.35"",""Concluído"",""Nordeste"""
"412,""2024-12-16"",""C093"",""P020"",""15"",""3834.97"",""0.09"",""52347.34"",""Concluído"",""Sudeste"""
"413,""2024-06-04"",""C073"",""P048"",""46"",""3513.52"",""0.09"",""147075.95"",""Concluído"",""Sul"""
"414,""2024-03-10"",""C027"",""P019"",""15"",""1663.45"",""0.16"",""20959.47"",""Concluído"",""Sudeste"""
"415,""2024-06-17"",""C026"",""P023"",""46"",""3381.56"",""0.18"",""127552.44"",""Cancelado"",""Norte"""
"416,""2024-09-28"",""C019"",""P024"",""25"",""1985.73"",""0.03"",""48153.95"",""Concluído"",""Sudeste"""
"417,""2024-03-08"",""C092"",""P011"",""21"",""3783.71"",""0.01"",""78663.33"",""Concluído"",""Norte"""
"418,""2024-12-20"",""C017"",""P046"",""24"",""2276.38"",""0.25"",""40974.84"",""Pendente"",""Centro-Oeste"""
"419,""2024-09-08"",""C043"",""P034"",""5"",""2067.28"",""0.06"",""9716.22"",""Concluído"",""Sul"""
"420,""2024-02-17"",""C041"",""P028"",""6"",""4674.3"",""0.01"",""27765.34"",""Concluído"",""Nordeste"""
"421,""2024-07-02"",""C042"",""P005"",""49"",""1261.89"",""0.05"",""58740.98"",""Concluído"",""Nordeste"""
"422,""2024-11-15"",""C050"",""P005"",""43"",""611.03"",""0.01"",""26011.55"",""Pendente"",""Centro-Oeste"""
"423,""2024-07-05"",""C084"",""P021"",""48"",""2926.87"",""0.1"",""126440.78"",""Concluído"",""Centro-Oeste"""
"424,""2024-03-30"",""C040"",""P012"",""44"",""4846.92"",""0.2"",""170611.58"",""Concluído"",""Nordeste"""
"425,""2024-11-27"",""C039"",""P050"",""47"",""1895.42"",""0.09"",""81067.11"",""Concluído"",""Sudeste"""
"426,""2024-05-18"",""C023"",""P004"",""23"",""319.56"",""0.11"",""6541.39"",""Cancelado"",""Nordeste"""
"427,""2024-12-22"",""C096"",""P049"",""4"",""1703.13"",""0.17"",""5654.39"",""Concluído"",""Sul"""
"428,""2024-03-29"",""C052"",""P042"",""27"",""2534.6"",""0.13"",""59537.75"",""Concluído"",""Nordeste"""
"429,""2024-09-30"",""C047"",""P020"",""18"",""818.0"",""0.22"",""11484.72"",""Pendente"",""Centro-Oeste"""
"430,""2024-01-19"",""C063"",""P038"",""21"",""3293.93"",""0.22"",""53954.57"",""Concluído"",""Sudeste"""
"431,""2024-11-06"",""C097"",""P025"",""28"",""4988.77"",""0.0"",""139685.56"",""Concluído"",""Nordeste"""
"432,""2024-12-23"",""C069"",""P014"",""35"",""2264.18"",""0.19"",""64189.5"",""Concluído"",""Sudeste"""
"433,""2024-06-02"",""C043"",""P011"",""22"",""1780.1"",""0.12"",""34462.74"",""Concluído"",""Sudeste"""
"434,""2024-09-16"",""C048"",""P032"",""40"",""2009.51"",""0.25"",""60285.3"",""Pendente"",""Sudeste"""
"435,""2024-04-17"",""C034"",""P011"",""23"",""584.58"",""0.12"",""11831.9"",""Concluído"",""Nordeste"""
"436,""2024-10-11"",""C040"",""P018"",""3"",""4417.54"",""0.25"",""9939.47"",""Concluído"",""Centro-Oeste"""
"437,""2024-02-28"",""C075"",""P027"",""40"",""2079.98"",""0.19"",""67391.35"",""Concluído"",""Centro-Oeste"""
"438,""2024-05-04"",""C061"",""P018"",""50"",""1942.5"",""0.06"",""91297.5"",""Concluído"",""Sul"""
"439,""2024-12-19"",""C050"",""P023"",""10"",""3301.85"",""0.13"",""28726.1"",""Cancelado"",""Norte"""
"440,""2024-09-29"",""C067"",""P011"",""25"",""2215.75"",""0.25"",""41545.31"",""Concluído"",""Nordeste"""
"441,""2024-04-16"",""C062"",""P021"",""49"",""3244.69"",""0.21"",""125601.95"",""Concluído"",""Sudeste"""
"442,""2024-10-25"",""C058"",""P044"",""8"",""316.62"",""0.02"",""2482.3"",""Concluído"",""Sul"""
"443,""2024-09-01"",""C033"",""P005"",""11"",""4070.48"",""0.18"",""36715.73"",""Pendente"",""Sudeste"""
"444,""2024-12-01"",""C075"",""P023"",""5"",""4703.11"",""0.09"",""21399.15"",""Concluído"",""Centro-Oeste"""
"445,""2024-09-03"",""C016"",""P041"",""45"",""3247.34"",""0.0"",""146130.3"",""Concluído"",""Nordeste"""
"446,""2024-01-08"",""C082"",""P025"",""37"",""4773.28"",""0.1"",""158950.22"",""Concluído"",""Nordeste"""
"447,""2024-05-20"",""C094"",""P041"",""45"",""765.65"",""0.06"",""32386.99"",""Concluído"",""Sudeste"""
"448,""2024-12-27"",""C048"",""P010"",""38"",""2392.31"",""0.2"",""72726.22"",""Concluído"",""Nordeste"""
"449,""2024-01-08"",""C010"",""P022"",""29"",""3013.02"",""0.08"",""80387.37"",""Concluído"",""Sul"""
"450,""2024-12-17"",""C082"",""P019"",""5"",""2912.87"",""0.21"",""11505.84"",""Concluído"",""Sudeste"""
"451,""2024-04-03"",""C038"",""P001"",""9"",""2013.29"",""0.0"",""18119.61"",""Concluído"",""Nordeste"""
"452,""2024-11-16"",""C019"",""P007"",""48"",""1697.04"",""0.08"",""74941.29"",""Concluído"",""Sul"""
"453,""2024-02-08"",""C036"",""P004"",""2"",""642.85"",""0.06"",""1208.56"",""Pendente"",""Norte"""
"454,""2024-03-21"",""C059"",""P001"",""1"",""1964.79"",""0.06"",""1846.9"",""Concluído"",""Sudeste"""
"455,""2024-07-05"",""C063"",""P015"",""40"",""821.68"",""0.02"",""32209.86"",""Cancelado"",""Nordeste"""
"456,""2024-03-24"",""C077"",""P040"",""30"",""3674.48"",""0.05"",""104722.68"",""Concluído"",""Sudeste"""
"457,""2024-03-28"",""C046"",""P012"",""11"",""1052.07"",""0.14"",""9952.58"",""Concluído"",""Sudeste"""
"458,""2024-08-29"",""C003"",""P022"",""28"",""302.24"",""0.07"",""7870.33"",""Pendente"",""Sul"""
"459,""2024-12-07"",""C074"",""P022"",""44"",""2766.31"",""0.1"",""109545.88"",""Concluído"",""Sul"""
"460,""2024-04-02"",""C065"",""P050"",""12"",""2980.2"",""0.09"",""32543.78"",""Concluído"",""Centro-Oeste"""
"461,""2024-03-26"",""C091"",""P047"",""39"",""4360.85"",""0.22"",""132657.06"",""Cancelado"",""Sudeste"""
"462,""2024-02-13"",""C008"",""P017"",""26"",""2889.14"",""0.23"",""57840.58"",""Concluído"",""Norte"""
"463,""2024-05-16"",""C051"",""P029"",""13"",""1733.95"",""0.12"",""19836.39"",""Concluído"",""Centro-Oeste"""
"464,""2024-03-14"",""C081"",""P046"",""8"",""4017.03"",""0.08"",""29565.34"",""Concluído"",""Sudeste"""
"465,""2024-02-05"",""C073"",""P014"",""28"",""2705.99"",""0.03"",""73494.69"",""Concluído"",""Sudeste"""
"466,""2024-04-10"",""C006"",""P050"",""30"",""405.61"",""0.24"",""9247.91"",""Concluído"",""Nordeste"""
"467,""2024-06-04"",""C089"",""P020"",""9"",""2833.59"",""0.02"",""24992.26"",""Concluído"",""Centro-Oeste"""
"468,""2024-09-11"",""C039"",""P050"",""39"",""4541.01"",""0.07"",""164702.43"",""Concluído"",""Centro-Oeste"""
"469,""2024-06-19"",""C060"",""P048"",""31"",""1987.6"",""0.07"",""57302.51"",""Concluído"",""Sudeste"""
"470,""2024-08-03"",""C028"",""P033"",""21"",""1488.67"",""0.08"",""28761.1"",""Concluído"",""Nordeste"""
"471,""2024-06-18"",""C097"",""P043"",""47"",""725.91"",""0.04"",""32753.06"",""Concluído"",""Sul"""
"472,""2024-09-08"",""C054"",""P015"",""34"",""765.71"",""0.2"",""20827.31"",""Concluído"",""Centro-Oeste"""
"473,""2024-12-25"",""C037"",""P012"",""31"",""2169.53"",""0.03"",""65237.77"",""Concluído"",""Centro-Oeste"""
"474,""2024-11-17"",""C009"",""P040"",""25"",""2982.44"",""0.16"",""62631.24"",""Concluído"",""Sul"""
"475,""2024-02-24"",""C082"",""P020"",""12"",""412.27"",""0.03"",""4798.82"",""Concluído"",""Sudeste"""
"476,""2024-03-31"",""C056"",""P030"",""1"",""4698.45"",""0.02"",""4604.48"",""Concluído"",""Sul"""
"477,""2024-10-04"",""C059"",""P038"",""22"",""3778.12"",""0.23"",""64001.35"",""Concluído"",""Sudeste"""
"478,""2024-04-10"",""C085"",""P003"",""40"",""2937.25"",""0.05"",""111615.5"",""Pendente"",""Norte"""
"479,""2024-06-03"",""C002"",""P028"",""37"",""4143.91"",""0.21"",""121126.49"",""Concluído"",""Sudeste"""
"480,""2024-12-14"",""C061"",""P026"",""47"",""410.13"",""0.14"",""16577.45"",""Concluído"",""Sul"""
"481,""2024-12-29"",""C058"",""P030"",""1"",""2389.43"",""0.02"",""2341.64"",""Concluído"",""Sudeste"""
"482,""2024-05-20"",""C060"",""P013"",""1"",""3154.16"",""0.24"",""2397.16"",""Concluído"",""Centro-Oeste"""
"483,""2024-06-21"",""C040"",""P013"",""42"",""4144.98"",""0.06"",""163643.81"",""Pendente"",""Nordeste"""
"484,""2024-01-10"",""C036"",""P002"",""42"",""3919.51"",""0.21"",""130049.34"",""Pendente"",""Sudeste"""
"485,""2024-08-15"",""C037"",""P037"",""21"",""1392.58"",""0.04"",""28074.41"",""Concluído"",""Sul"""
"486,""2024-09-21"",""C079"",""P049"",""15"",""4704.99"",""0.21"",""55754.13"",""Concluído"",""Centro-Oeste"""
"487,""2024-09-04"",""C092"",""P038"",""17"",""630.49"",""0.0"",""10718.33"",""Pendente"",""Norte"""
"488,""2024-09-03"",""C018"",""P002"",""22"",""4376.92"",""0.13"",""83774.25"",""Cancelado"",""Sudeste"""
"489,""2024-06-03"",""C098"",""P036"",""38"",""4854.99"",""0.19"",""149436.59"",""Concluído"",""Sul"""
"490,""2024-02-03"",""C063"",""P026"",""35"",""894.0"",""0.23"",""24093.3"",""Concluído"",""Sul"""
"491,""2024-05-08"",""C022"",""P011"",""45"",""3613.11"",""0.23"",""125194.26"",""Concluído"",""Sul"""
"492,""2024-06-08"",""C011"",""P008"",""16"",""211.02"",""0.2"",""2701.06"",""Cancelado"",""Sudeste"""
"493,""2024-03-29"",""C058"",""P044"",""8"",""2033.06"",""0.22"",""12686.29"",""Concluído"",""Centro-Oeste"""
"494,""2024-04-02"",""C057"",""P040"",""47"",""2586.25"",""0.05"",""115476.06"",""Concluído"",""Sudeste"""
"495,""2024-11-22"",""C077"",""P043"",""17"",""2907.42"",""0.07"",""45966.31"",""Concluído"",""Norte"""
"496,""2024-08-28"",""C004"",""P022"",""17"",""4680.33"",""0.07"",""73996.02"",""Concluído"",""Sudeste"""
"497,""2024-11-18"",""C086"",""P020"",""26"",""3364.53"",""0.09"",""79604.78"",""Concluído"",""Nordeste"""
"498,""2024-04-26"",""C007"",""P008"",""13"",""2411.58"",""0.1"",""28215.49"",""Cancelado"",""Nordeste"""
"499,""2024-04-03"",""C061"",""P029"",""17"",""4050.28"",""0.14"",""59215.09"",""Concluído"",""Sul"""
"500,""2024-06-11"",""C054"",""P040"",""38"",""4753.16"",""0.04"",""173395.28"",""Concluído"",""Sudeste"""
